Image URL,Title,Landing Page URL
image_1.jpg,5 Natural Ways to Boost Your Mental Energy,https://store.medicalfoods.com/
image_1.jpg,Understanding the Link Between Diet and Cognitive Function,https://store.medicalfoods.com/
image_1.jpg,The Science Behind Mental Fatigue: What You Need to Know,https://store.medicalfoods.com/
image_1.jpg,Nutrition Strategies for Enhancing Brain Performance,https://store.medicalfoods.com/
image_1.jpg,Combating Brain Fog: Tips from Neuroscience Experts,https://store.medicalfoods.com/
image_1.jpg,How Your Gut Health Affects Your Cognitive Abilities,https://store.medicalfoods.com/
image_1.jpg,The Role of Micronutrients in Mental Clarity and Focus,https://store.medicalfoods.com/
image_1.jpg,Unlocking Your Brain's Potential: Dietary Approaches to Cognitive Enhancement,https://store.medicalfoods.com/
image_1.jpg,Fatigue-Fighting Foods: Eat Your Way to Better Mental Energy,https://store.medicalfoods.com/
image_1.jpg,The Mind-Body Connection: How Physical Health Impacts Cognitive Function,https://store.medicalfoods.com/
image_1.jpg,The Secrets of Restorative Sleep: A Comprehensive Guide,https://store.medicalfoods.com/
image_1.jpg,Nutritional Approaches to Improving Sleep Quality,https://store.medicalfoods.com/
image_1.jpg,Understanding Sleep Cycles: How to Optimize Your Rest,https://store.medicalfoods.com/
image_1.jpg,The Role of Diet in Regulating Circadian Rhythms,https://store.medicalfoods.com/
image_1.jpg,Natural Remedies for Common Sleep Disturbances,https://store.medicalfoods.com/
image_1.jpg,How Your Bedtime Snack Affects Your Sleep Quality,https://store.medicalfoods.com/
image_1.jpg,The Science of Sleep: Nutrients That Support Healthy Rest,https://store.medicalfoods.com/
image_1.jpg,Lifestyle Changes for Better Sleep: Beyond Counting Sheep,https://store.medicalfoods.com/
image_1.jpg,Maximizing Your Sleep Efficiency: Tips from Sleep Experts,https://store.medicalfoods.com/
image_1.jpg,"The Connection Between Stress, Nutrition, and Sleep",https://store.medicalfoods.com/
image_1.jpg,Sustainable Weight Management: Beyond Calorie Counting,https://store.medicalfoods.com/
image_1.jpg,The Role of Metabolism in Weight Control: What You Should Know,https://store.medicalfoods.com/
image_1.jpg,Navigating Weight Loss Without Caffeine: Effective Strategies,https://store.medicalfoods.com/
image_1.jpg,Understanding Satiety: How to Feel Fuller for Longer,https://store.medicalfoods.com/
image_1.jpg,Balancing Hormones for Healthy Weight Management,https://store.medicalfoods.com/
image_1.jpg,The Gut-Brain Axis: Its Impact on Weight and Appetite,https://store.medicalfoods.com/
image_1.jpg,Nutrition Strategies for Long-Term Weight Maintenance,https://store.medicalfoods.com/
image_1.jpg,Breaking the Yo-Yo Diet Cycle: Sustainable Approaches to Weight Loss,https://store.medicalfoods.com/
image_1.jpg,The Science of Fat Burning: Optimizing Your Body's Natural Processes,https://store.medicalfoods.com/
image_1.jpg,Mindful Eating: A Key to Successful Weight Management,https://store.medicalfoods.com/
image_1.jpg,The Anxiety-Sleep Connection: Breaking the Cycle,https://store.medicalfoods.com/
image_1.jpg,Natural Ways to Calm Your Mind for Better Sleep,https://store.medicalfoods.com/
image_1.jpg,Understanding GABA: The Brain's Natural Calming Agent,https://store.medicalfoods.com/
image_1.jpg,Nutritional Approaches to Managing Stress-Related Sleep Issues,https://store.medicalfoods.com/
image_1.jpg,The Science of Relaxation: Preparing Your Body for Rest,https://store.medicalfoods.com/
image_1.jpg,Balancing Neurotransmitters for Better Sleep and Mood,https://store.medicalfoods.com/
image_1.jpg,Holistic Strategies for Addressing Anxiety-Induced Insomnia,https://store.medicalfoods.com/
image_1.jpg,The Role of Diet in Managing Nighttime Anxiety,https://store.medicalfoods.com/
image_1.jpg,Mindfulness Techniques for Calming Pre-Sleep Anxiety,https://store.medicalfoods.com/
image_1.jpg,Understanding the Sleep-Stress Cycle: Breaking Free for Better Rest,https://store.medicalfoods.com/
image_1.jpg,Natural Anti-Inflammatory Approaches for Joint Health,https://store.medicalfoods.com/
image_1.jpg,Understanding the Root Causes of Joint Discomfort,https://store.medicalfoods.com/
image_1.jpg,Nutrition Strategies for Supporting Healthy Joints,https://store.medicalfoods.com/
image_1.jpg,The Role of Collagen in Joint Flexibility and Comfort,https://store.medicalfoods.com/
image_1.jpg,Balancing Inflammation: Key to Joint Health and Mobility,https://store.medicalfoods.com/
image_1.jpg,Exercise and Joint Health: Finding the Right Balance,https://store.medicalfoods.com/
image_1.jpg,The Gut-Joint Connection: How Diet Affects Joint Comfort,https://store.medicalfoods.com/
image_1.jpg,Holistic Approaches to Managing Joint Discomfort,https://store.medicalfoods.com/
image_1.jpg,Understanding Oxidative Stress and Its Impact on Joints,https://store.medicalfoods.com/
image_1.jpg,Micronutrients for Joint Health: Beyond Calcium and Vitamin D,https://store.medicalfoods.com/
image_1.jpg,The Science of Pain: Understanding Your Body's Alarm System,https://store.medicalfoods.com/
image_1.jpg,Nutritional Approaches to Managing Chronic Discomfort,https://store.medicalfoods.com/
image_1.jpg,Inflammation and Pain: Breaking the Cycle Naturally,https://store.medicalfoods.com/
image_1.jpg,The Role of Amino Acids in Pain Management,https://store.medicalfoods.com/
image_1.jpg,Dietary Strategies for Supporting Your Body's Natural Pain Relief,https://store.medicalfoods.com/
image_1.jpg,Understanding Central Sensitization in Chronic Pain,https://store.medicalfoods.com/
image_1.jpg,The Gut-Brain Axis: Its Role in Pain Perception,https://store.medicalfoods.com/
image_1.jpg,Balancing Neurotransmitters for Pain Management,https://store.medicalfoods.com/
image_1.jpg,Holistic Approaches to Reducing Inflammation in the Body,https://store.medicalfoods.com/
image_1.jpg,"The Connection Between Stress, Nutrition, and Pain Levels",https://store.medicalfoods.com/
image_1.jpg,Understanding Metabolic Health: Beyond the Scale,https://store.medicalfoods.com/
image_1.jpg,The Science of Appetite Control: Natural Approaches,https://store.medicalfoods.com/
image_1.jpg,Balancing Blood Sugar for Effective Weight Management,https://store.medicalfoods.com/
image_1.jpg,Stress and Weight Gain: Breaking the Cycle,https://store.medicalfoods.com/
image_1.jpg,The Role of Sleep in Successful Weight Management,https://store.medicalfoods.com/
image_1.jpg,Nutrition Strategies for Boosting Your Metabolism,https://store.medicalfoods.com/
image_1.jpg,Understanding Leptin Resistance and Its Impact on Weight,https://store.medicalfoods.com/
image_1.jpg,The Psychology of Eating: Mindful Approaches to Weight Loss,https://store.medicalfoods.com/
image_1.jpg,Inflammatory Foods and Their Impact on Weight Management,https://store.medicalfoods.com/
image_1.jpg,Optimizing Gut Health for Sustainable Weight Loss,https://store.medicalfoods.com/
image_1.jpg,Understanding Peripheral Neuropathy: Causes and Effects,https://store.medicalfoods.com/
image_1.jpg,Nutritional Strategies for Supporting Nerve Health,https://store.medicalfoods.com/
image_1.jpg,The Role of B Vitamins in Maintaining Healthy Nerves,https://store.medicalfoods.com/
image_1.jpg,Managing Neuropathic Discomfort: A Holistic Approach,https://store.medicalfoods.com/
image_1.jpg,Antioxidants and Nerve Health: What You Need to Know,https://store.medicalfoods.com/
image_1.jpg,The Connection Between Blood Sugar and Nerve Function,https://store.medicalfoods.com/
image_1.jpg,Exercise and Peripheral Neuropathy: Finding the Right Balance,https://store.medicalfoods.com/
image_1.jpg,Understanding Mitochondrial Health in Nerve Function,https://store.medicalfoods.com/
image_1.jpg,The Impact of Inflammation on Peripheral Nerves,https://store.medicalfoods.com/
image_1.jpg,Dietary Approaches to Supporting Healthy Nerve Conduction,https://store.medicalfoods.com/
image_1.jpg,Breathing Easy: Natural Approaches to Sinus Health,https://store.medicalfoods.com/
image_1.jpg,Understanding the Microbiome of Your Respiratory System,https://store.medicalfoods.com/
image_1.jpg,The Role of Diet in Supporting Healthy Sinuses,https://store.medicalfoods.com/
image_1.jpg,Navigating Seasonal Challenges: Tips for Respiratory Wellness,https://store.medicalfoods.com/
image_1.jpg,The Connection Between Gut Health and Respiratory Function,https://store.medicalfoods.com/
image_1.jpg,Natural Ways to Support Mucus Membrane Health,https://store.medicalfoods.com/
image_1.jpg,Understanding Histamines and Their Impact on Sinus Comfort,https://store.medicalfoods.com/
image_1.jpg,The Importance of Hydration for Respiratory Health,https://store.medicalfoods.com/
image_1.jpg,Herbs and Spices That Support Clear Breathing,https://store.medicalfoods.com/
image_1.jpg,Air Quality and Respiratory Health: What You Need to Know,https://store.medicalfoods.com/
image_1.jpg,Understanding Blood Pressure: Beyond the Numbers,https://store.medicalfoods.com/
image_1.jpg,The DASH Diet: A Nutritional Approach to Heart Health,https://store.medicalfoods.com/
image_1.jpg,Stress Management Techniques for Cardiovascular Wellness,https://store.medicalfoods.com/
image_1.jpg,The Role of Potassium in Maintaining Healthy Blood Pressure,https://store.medicalfoods.com/
image_1.jpg,Exercise and Blood Pressure: Finding the Right Balance,https://store.medicalfoods.com/
image_1.jpg,Understanding Nitric Oxide and Its Impact on Vascular Health,https://store.medicalfoods.com/
image_1.jpg,The Gut-Heart Connection: How Diet Affects Blood Pressure,https://store.medicalfoods.com/
image_1.jpg,Natural Approaches to Supporting Healthy Arterial Function,https://store.medicalfoods.com/
image_1.jpg,The Impact of Sleep on Cardiovascular Health,https://store.medicalfoods.com/
image_1.jpg,Mindfulness and Meditation: Tools for Heart Health,https://store.medicalfoods.com/
image_2.jpg,5 Natural Ways to Boost Your Mental Energy,https://store.medicalfoods.com/
image_2.jpg,Understanding the Link Between Diet and Cognitive Function,https://store.medicalfoods.com/
image_2.jpg,The Science Behind Mental Fatigue: What You Need to Know,https://store.medicalfoods.com/
image_2.jpg,Nutrition Strategies for Enhancing Brain Performance,https://store.medicalfoods.com/
image_2.jpg,Combating Brain Fog: Tips from Neuroscience Experts,https://store.medicalfoods.com/
image_2.jpg,How Your Gut Health Affects Your Cognitive Abilities,https://store.medicalfoods.com/
image_2.jpg,The Role of Micronutrients in Mental Clarity and Focus,https://store.medicalfoods.com/
image_2.jpg,Unlocking Your Brain's Potential: Dietary Approaches to Cognitive Enhancement,https://store.medicalfoods.com/
image_2.jpg,Fatigue-Fighting Foods: Eat Your Way to Better Mental Energy,https://store.medicalfoods.com/
image_2.jpg,The Mind-Body Connection: How Physical Health Impacts Cognitive Function,https://store.medicalfoods.com/
image_2.jpg,The Secrets of Restorative Sleep: A Comprehensive Guide,https://store.medicalfoods.com/
image_2.jpg,Nutritional Approaches to Improving Sleep Quality,https://store.medicalfoods.com/
image_2.jpg,Understanding Sleep Cycles: How to Optimize Your Rest,https://store.medicalfoods.com/
image_2.jpg,The Role of Diet in Regulating Circadian Rhythms,https://store.medicalfoods.com/
image_2.jpg,Natural Remedies for Common Sleep Disturbances,https://store.medicalfoods.com/
image_2.jpg,How Your Bedtime Snack Affects Your Sleep Quality,https://store.medicalfoods.com/
image_2.jpg,The Science of Sleep: Nutrients That Support Healthy Rest,https://store.medicalfoods.com/
image_2.jpg,Lifestyle Changes for Better Sleep: Beyond Counting Sheep,https://store.medicalfoods.com/
image_2.jpg,Maximizing Your Sleep Efficiency: Tips from Sleep Experts,https://store.medicalfoods.com/
image_2.jpg,"The Connection Between Stress, Nutrition, and Sleep",https://store.medicalfoods.com/
image_2.jpg,Sustainable Weight Management: Beyond Calorie Counting,https://store.medicalfoods.com/
image_2.jpg,The Role of Metabolism in Weight Control: What You Should Know,https://store.medicalfoods.com/
image_2.jpg,Navigating Weight Loss Without Caffeine: Effective Strategies,https://store.medicalfoods.com/
image_2.jpg,Understanding Satiety: How to Feel Fuller for Longer,https://store.medicalfoods.com/
image_2.jpg,Balancing Hormones for Healthy Weight Management,https://store.medicalfoods.com/
image_2.jpg,The Gut-Brain Axis: Its Impact on Weight and Appetite,https://store.medicalfoods.com/
image_2.jpg,Nutrition Strategies for Long-Term Weight Maintenance,https://store.medicalfoods.com/
image_2.jpg,Breaking the Yo-Yo Diet Cycle: Sustainable Approaches to Weight Loss,https://store.medicalfoods.com/
image_2.jpg,The Science of Fat Burning: Optimizing Your Body's Natural Processes,https://store.medicalfoods.com/
image_2.jpg,Mindful Eating: A Key to Successful Weight Management,https://store.medicalfoods.com/
image_2.jpg,The Anxiety-Sleep Connection: Breaking the Cycle,https://store.medicalfoods.com/
image_2.jpg,Natural Ways to Calm Your Mind for Better Sleep,https://store.medicalfoods.com/
image_2.jpg,Understanding GABA: The Brain's Natural Calming Agent,https://store.medicalfoods.com/
image_2.jpg,Nutritional Approaches to Managing Stress-Related Sleep Issues,https://store.medicalfoods.com/
image_2.jpg,The Science of Relaxation: Preparing Your Body for Rest,https://store.medicalfoods.com/
image_2.jpg,Balancing Neurotransmitters for Better Sleep and Mood,https://store.medicalfoods.com/
image_2.jpg,Holistic Strategies for Addressing Anxiety-Induced Insomnia,https://store.medicalfoods.com/
image_2.jpg,The Role of Diet in Managing Nighttime Anxiety,https://store.medicalfoods.com/
image_2.jpg,Mindfulness Techniques for Calming Pre-Sleep Anxiety,https://store.medicalfoods.com/
image_2.jpg,Understanding the Sleep-Stress Cycle: Breaking Free for Better Rest,https://store.medicalfoods.com/
image_2.jpg,Natural Anti-Inflammatory Approaches for Joint Health,https://store.medicalfoods.com/
image_2.jpg,Understanding the Root Causes of Joint Discomfort,https://store.medicalfoods.com/
image_2.jpg,Nutrition Strategies for Supporting Healthy Joints,https://store.medicalfoods.com/
image_2.jpg,The Role of Collagen in Joint Flexibility and Comfort,https://store.medicalfoods.com/
image_2.jpg,Balancing Inflammation: Key to Joint Health and Mobility,https://store.medicalfoods.com/
image_2.jpg,Exercise and Joint Health: Finding the Right Balance,https://store.medicalfoods.com/
image_2.jpg,The Gut-Joint Connection: How Diet Affects Joint Comfort,https://store.medicalfoods.com/
image_2.jpg,Holistic Approaches to Managing Joint Discomfort,https://store.medicalfoods.com/
image_2.jpg,Understanding Oxidative Stress and Its Impact on Joints,https://store.medicalfoods.com/
image_2.jpg,Micronutrients for Joint Health: Beyond Calcium and Vitamin D,https://store.medicalfoods.com/
image_2.jpg,The Science of Pain: Understanding Your Body's Alarm System,https://store.medicalfoods.com/
image_2.jpg,Nutritional Approaches to Managing Chronic Discomfort,https://store.medicalfoods.com/
image_2.jpg,Inflammation and Pain: Breaking the Cycle Naturally,https://store.medicalfoods.com/
image_2.jpg,The Role of Amino Acids in Pain Management,https://store.medicalfoods.com/
image_2.jpg,Dietary Strategies for Supporting Your Body's Natural Pain Relief,https://store.medicalfoods.com/
image_2.jpg,Understanding Central Sensitization in Chronic Pain,https://store.medicalfoods.com/
image_2.jpg,The Gut-Brain Axis: Its Role in Pain Perception,https://store.medicalfoods.com/
image_2.jpg,Balancing Neurotransmitters for Pain Management,https://store.medicalfoods.com/
image_2.jpg,Holistic Approaches to Reducing Inflammation in the Body,https://store.medicalfoods.com/
image_2.jpg,"The Connection Between Stress, Nutrition, and Pain Levels",https://store.medicalfoods.com/
image_2.jpg,Understanding Metabolic Health: Beyond the Scale,https://store.medicalfoods.com/
image_2.jpg,The Science of Appetite Control: Natural Approaches,https://store.medicalfoods.com/
image_2.jpg,Balancing Blood Sugar for Effective Weight Management,https://store.medicalfoods.com/
image_2.jpg,Stress and Weight Gain: Breaking the Cycle,https://store.medicalfoods.com/
image_2.jpg,The Role of Sleep in Successful Weight Management,https://store.medicalfoods.com/
image_2.jpg,Nutrition Strategies for Boosting Your Metabolism,https://store.medicalfoods.com/
image_2.jpg,Understanding Leptin Resistance and Its Impact on Weight,https://store.medicalfoods.com/
image_2.jpg,The Psychology of Eating: Mindful Approaches to Weight Loss,https://store.medicalfoods.com/
image_2.jpg,Inflammatory Foods and Their Impact on Weight Management,https://store.medicalfoods.com/
image_2.jpg,Optimizing Gut Health for Sustainable Weight Loss,https://store.medicalfoods.com/
image_2.jpg,Understanding Peripheral Neuropathy: Causes and Effects,https://store.medicalfoods.com/
image_2.jpg,Nutritional Strategies for Supporting Nerve Health,https://store.medicalfoods.com/
image_2.jpg,The Role of B Vitamins in Maintaining Healthy Nerves,https://store.medicalfoods.com/
image_2.jpg,Managing Neuropathic Discomfort: A Holistic Approach,https://store.medicalfoods.com/
image_2.jpg,Antioxidants and Nerve Health: What You Need to Know,https://store.medicalfoods.com/
image_2.jpg,The Connection Between Blood Sugar and Nerve Function,https://store.medicalfoods.com/
image_2.jpg,Exercise and Peripheral Neuropathy: Finding the Right Balance,https://store.medicalfoods.com/
image_2.jpg,Understanding Mitochondrial Health in Nerve Function,https://store.medicalfoods.com/
image_2.jpg,The Impact of Inflammation on Peripheral Nerves,https://store.medicalfoods.com/
image_2.jpg,Dietary Approaches to Supporting Healthy Nerve Conduction,https://store.medicalfoods.com/
image_2.jpg,Breathing Easy: Natural Approaches to Sinus Health,https://store.medicalfoods.com/
image_2.jpg,Understanding the Microbiome of Your Respiratory System,https://store.medicalfoods.com/
image_2.jpg,The Role of Diet in Supporting Healthy Sinuses,https://store.medicalfoods.com/
image_2.jpg,Navigating Seasonal Challenges: Tips for Respiratory Wellness,https://store.medicalfoods.com/
image_2.jpg,The Connection Between Gut Health and Respiratory Function,https://store.medicalfoods.com/
image_2.jpg,Natural Ways to Support Mucus Membrane Health,https://store.medicalfoods.com/
image_2.jpg,Understanding Histamines and Their Impact on Sinus Comfort,https://store.medicalfoods.com/
image_2.jpg,The Importance of Hydration for Respiratory Health,https://store.medicalfoods.com/
image_2.jpg,Herbs and Spices That Support Clear Breathing,https://store.medicalfoods.com/
image_2.jpg,Air Quality and Respiratory Health: What You Need to Know,https://store.medicalfoods.com/
image_2.jpg,Understanding Blood Pressure: Beyond the Numbers,https://store.medicalfoods.com/
image_2.jpg,The DASH Diet: A Nutritional Approach to Heart Health,https://store.medicalfoods.com/
image_2.jpg,Stress Management Techniques for Cardiovascular Wellness,https://store.medicalfoods.com/
image_2.jpg,The Role of Potassium in Maintaining Healthy Blood Pressure,https://store.medicalfoods.com/
image_2.jpg,Exercise and Blood Pressure: Finding the Right Balance,https://store.medicalfoods.com/
image_2.jpg,Understanding Nitric Oxide and Its Impact on Vascular Health,https://store.medicalfoods.com/
image_2.jpg,The Gut-Heart Connection: How Diet Affects Blood Pressure,https://store.medicalfoods.com/
image_2.jpg,Natural Approaches to Supporting Healthy Arterial Function,https://store.medicalfoods.com/
image_2.jpg,The Impact of Sleep on Cardiovascular Health,https://store.medicalfoods.com/
image_2.jpg,Mindfulness and Meditation: Tools for Heart Health,https://store.medicalfoods.com/
image_3.jpg,5 Natural Ways to Boost Your Mental Energy,https://store.medicalfoods.com/
image_3.jpg,Understanding the Link Between Diet and Cognitive Function,https://store.medicalfoods.com/
image_3.jpg,The Science Behind Mental Fatigue: What You Need to Know,https://store.medicalfoods.com/
image_3.jpg,Nutrition Strategies for Enhancing Brain Performance,https://store.medicalfoods.com/
image_3.jpg,Combating Brain Fog: Tips from Neuroscience Experts,https://store.medicalfoods.com/
image_3.jpg,How Your Gut Health Affects Your Cognitive Abilities,https://store.medicalfoods.com/
image_3.jpg,The Role of Micronutrients in Mental Clarity and Focus,https://store.medicalfoods.com/
image_3.jpg,Unlocking Your Brain's Potential: Dietary Approaches to Cognitive Enhancement,https://store.medicalfoods.com/
image_3.jpg,Fatigue-Fighting Foods: Eat Your Way to Better Mental Energy,https://store.medicalfoods.com/
image_3.jpg,The Mind-Body Connection: How Physical Health Impacts Cognitive Function,https://store.medicalfoods.com/
image_3.jpg,The Secrets of Restorative Sleep: A Comprehensive Guide,https://store.medicalfoods.com/
image_3.jpg,Nutritional Approaches to Improving Sleep Quality,https://store.medicalfoods.com/
image_3.jpg,Understanding Sleep Cycles: How to Optimize Your Rest,https://store.medicalfoods.com/
image_3.jpg,The Role of Diet in Regulating Circadian Rhythms,https://store.medicalfoods.com/
image_3.jpg,Natural Remedies for Common Sleep Disturbances,https://store.medicalfoods.com/
image_3.jpg,How Your Bedtime Snack Affects Your Sleep Quality,https://store.medicalfoods.com/
image_3.jpg,The Science of Sleep: Nutrients That Support Healthy Rest,https://store.medicalfoods.com/
image_3.jpg,Lifestyle Changes for Better Sleep: Beyond Counting Sheep,https://store.medicalfoods.com/
image_3.jpg,Maximizing Your Sleep Efficiency: Tips from Sleep Experts,https://store.medicalfoods.com/
image_3.jpg,"The Connection Between Stress, Nutrition, and Sleep",https://store.medicalfoods.com/
image_3.jpg,Sustainable Weight Management: Beyond Calorie Counting,https://store.medicalfoods.com/
image_3.jpg,The Role of Metabolism in Weight Control: What You Should Know,https://store.medicalfoods.com/
image_3.jpg,Navigating Weight Loss Without Caffeine: Effective Strategies,https://store.medicalfoods.com/
image_3.jpg,Understanding Satiety: How to Feel Fuller for Longer,https://store.medicalfoods.com/
image_3.jpg,Balancing Hormones for Healthy Weight Management,https://store.medicalfoods.com/
image_3.jpg,The Gut-Brain Axis: Its Impact on Weight and Appetite,https://store.medicalfoods.com/
image_3.jpg,Nutrition Strategies for Long-Term Weight Maintenance,https://store.medicalfoods.com/
image_3.jpg,Breaking the Yo-Yo Diet Cycle: Sustainable Approaches to Weight Loss,https://store.medicalfoods.com/
image_3.jpg,The Science of Fat Burning: Optimizing Your Body's Natural Processes,https://store.medicalfoods.com/
image_3.jpg,Mindful Eating: A Key to Successful Weight Management,https://store.medicalfoods.com/
image_3.jpg,The Anxiety-Sleep Connection: Breaking the Cycle,https://store.medicalfoods.com/
image_3.jpg,Natural Ways to Calm Your Mind for Better Sleep,https://store.medicalfoods.com/
image_3.jpg,Understanding GABA: The Brain's Natural Calming Agent,https://store.medicalfoods.com/
image_3.jpg,Nutritional Approaches to Managing Stress-Related Sleep Issues,https://store.medicalfoods.com/
image_3.jpg,The Science of Relaxation: Preparing Your Body for Rest,https://store.medicalfoods.com/
image_3.jpg,Balancing Neurotransmitters for Better Sleep and Mood,https://store.medicalfoods.com/
image_3.jpg,Holistic Strategies for Addressing Anxiety-Induced Insomnia,https://store.medicalfoods.com/
image_3.jpg,The Role of Diet in Managing Nighttime Anxiety,https://store.medicalfoods.com/
image_3.jpg,Mindfulness Techniques for Calming Pre-Sleep Anxiety,https://store.medicalfoods.com/
image_3.jpg,Understanding the Sleep-Stress Cycle: Breaking Free for Better Rest,https://store.medicalfoods.com/
image_3.jpg,Natural Anti-Inflammatory Approaches for Joint Health,https://store.medicalfoods.com/
image_3.jpg,Understanding the Root Causes of Joint Discomfort,https://store.medicalfoods.com/
image_3.jpg,Nutrition Strategies for Supporting Healthy Joints,https://store.medicalfoods.com/
image_3.jpg,The Role of Collagen in Joint Flexibility and Comfort,https://store.medicalfoods.com/
image_3.jpg,Balancing Inflammation: Key to Joint Health and Mobility,https://store.medicalfoods.com/
image_3.jpg,Exercise and Joint Health: Finding the Right Balance,https://store.medicalfoods.com/
image_3.jpg,The Gut-Joint Connection: How Diet Affects Joint Comfort,https://store.medicalfoods.com/
image_3.jpg,Holistic Approaches to Managing Joint Discomfort,https://store.medicalfoods.com/
image_3.jpg,Understanding Oxidative Stress and Its Impact on Joints,https://store.medicalfoods.com/
image_3.jpg,Micronutrients for Joint Health: Beyond Calcium and Vitamin D,https://store.medicalfoods.com/
image_3.jpg,The Science of Pain: Understanding Your Body's Alarm System,https://store.medicalfoods.com/
image_3.jpg,Nutritional Approaches to Managing Chronic Discomfort,https://store.medicalfoods.com/
image_3.jpg,Inflammation and Pain: Breaking the Cycle Naturally,https://store.medicalfoods.com/
image_3.jpg,The Role of Amino Acids in Pain Management,https://store.medicalfoods.com/
image_3.jpg,Dietary Strategies for Supporting Your Body's Natural Pain Relief,https://store.medicalfoods.com/
image_3.jpg,Understanding Central Sensitization in Chronic Pain,https://store.medicalfoods.com/
image_3.jpg,The Gut-Brain Axis: Its Role in Pain Perception,https://store.medicalfoods.com/
image_3.jpg,Balancing Neurotransmitters for Pain Management,https://store.medicalfoods.com/
image_3.jpg,Holistic Approaches to Reducing Inflammation in the Body,https://store.medicalfoods.com/
image_3.jpg,"The Connection Between Stress, Nutrition, and Pain Levels",https://store.medicalfoods.com/
image_3.jpg,Understanding Metabolic Health: Beyond the Scale,https://store.medicalfoods.com/
image_3.jpg,The Science of Appetite Control: Natural Approaches,https://store.medicalfoods.com/
image_3.jpg,Balancing Blood Sugar for Effective Weight Management,https://store.medicalfoods.com/
image_3.jpg,Stress and Weight Gain: Breaking the Cycle,https://store.medicalfoods.com/
image_3.jpg,The Role of Sleep in Successful Weight Management,https://store.medicalfoods.com/
image_3.jpg,Nutrition Strategies for Boosting Your Metabolism,https://store.medicalfoods.com/
image_3.jpg,Understanding Leptin Resistance and Its Impact on Weight,https://store.medicalfoods.com/
image_3.jpg,The Psychology of Eating: Mindful Approaches to Weight Loss,https://store.medicalfoods.com/
image_3.jpg,Inflammatory Foods and Their Impact on Weight Management,https://store.medicalfoods.com/
image_3.jpg,Optimizing Gut Health for Sustainable Weight Loss,https://store.medicalfoods.com/
image_3.jpg,Understanding Peripheral Neuropathy: Causes and Effects,https://store.medicalfoods.com/
image_3.jpg,Nutritional Strategies for Supporting Nerve Health,https://store.medicalfoods.com/
image_3.jpg,The Role of B Vitamins in Maintaining Healthy Nerves,https://store.medicalfoods.com/
image_3.jpg,Managing Neuropathic Discomfort: A Holistic Approach,https://store.medicalfoods.com/
image_3.jpg,Antioxidants and Nerve Health: What You Need to Know,https://store.medicalfoods.com/
image_3.jpg,The Connection Between Blood Sugar and Nerve Function,https://store.medicalfoods.com/
image_3.jpg,Exercise and Peripheral Neuropathy: Finding the Right Balance,https://store.medicalfoods.com/
image_3.jpg,Understanding Mitochondrial Health in Nerve Function,https://store.medicalfoods.com/
image_3.jpg,The Impact of Inflammation on Peripheral Nerves,https://store.medicalfoods.com/
image_3.jpg,Dietary Approaches to Supporting Healthy Nerve Conduction,https://store.medicalfoods.com/
image_3.jpg,Breathing Easy: Natural Approaches to Sinus Health,https://store.medicalfoods.com/
image_3.jpg,Understanding the Microbiome of Your Respiratory System,https://store.medicalfoods.com/
image_3.jpg,The Role of Diet in Supporting Healthy Sinuses,https://store.medicalfoods.com/
image_3.jpg,Navigating Seasonal Challenges: Tips for Respiratory Wellness,https://store.medicalfoods.com/
image_3.jpg,The Connection Between Gut Health and Respiratory Function,https://store.medicalfoods.com/
image_3.jpg,Natural Ways to Support Mucus Membrane Health,https://store.medicalfoods.com/
image_3.jpg,Understanding Histamines and Their Impact on Sinus Comfort,https://store.medicalfoods.com/
image_3.jpg,The Importance of Hydration for Respiratory Health,https://store.medicalfoods.com/
image_3.jpg,Herbs and Spices That Support Clear Breathing,https://store.medicalfoods.com/
image_3.jpg,Air Quality and Respiratory Health: What You Need to Know,https://store.medicalfoods.com/
image_3.jpg,Understanding Blood Pressure: Beyond the Numbers,https://store.medicalfoods.com/
image_3.jpg,The DASH Diet: A Nutritional Approach to Heart Health,https://store.medicalfoods.com/
image_3.jpg,Stress Management Techniques for Cardiovascular Wellness,https://store.medicalfoods.com/
image_3.jpg,The Role of Potassium in Maintaining Healthy Blood Pressure,https://store.medicalfoods.com/
image_3.jpg,Exercise and Blood Pressure: Finding the Right Balance,https://store.medicalfoods.com/
image_3.jpg,Understanding Nitric Oxide and Its Impact on Vascular Health,https://store.medicalfoods.com/
image_3.jpg,The Gut-Heart Connection: How Diet Affects Blood Pressure,https://store.medicalfoods.com/
image_3.jpg,Natural Approaches to Supporting Healthy Arterial Function,https://store.medicalfoods.com/
image_3.jpg,The Impact of Sleep on Cardiovascular Health,https://store.medicalfoods.com/
image_3.jpg,Mindfulness and Meditation: Tools for Heart Health,https://store.medicalfoods.com/
image_4.jpg,5 Natural Ways to Boost Your Mental Energy,https://store.medicalfoods.com/
image_4.jpg,Understanding the Link Between Diet and Cognitive Function,https://store.medicalfoods.com/
image_4.jpg,The Science Behind Mental Fatigue: What You Need to Know,https://store.medicalfoods.com/
image_4.jpg,Nutrition Strategies for Enhancing Brain Performance,https://store.medicalfoods.com/
image_4.jpg,Combating Brain Fog: Tips from Neuroscience Experts,https://store.medicalfoods.com/
image_4.jpg,How Your Gut Health Affects Your Cognitive Abilities,https://store.medicalfoods.com/
image_4.jpg,The Role of Micronutrients in Mental Clarity and Focus,https://store.medicalfoods.com/
image_4.jpg,Unlocking Your Brain's Potential: Dietary Approaches to Cognitive Enhancement,https://store.medicalfoods.com/
image_4.jpg,Fatigue-Fighting Foods: Eat Your Way to Better Mental Energy,https://store.medicalfoods.com/
image_4.jpg,The Mind-Body Connection: How Physical Health Impacts Cognitive Function,https://store.medicalfoods.com/
image_4.jpg,The Secrets of Restorative Sleep: A Comprehensive Guide,https://store.medicalfoods.com/
image_4.jpg,Nutritional Approaches to Improving Sleep Quality,https://store.medicalfoods.com/
image_4.jpg,Understanding Sleep Cycles: How to Optimize Your Rest,https://store.medicalfoods.com/
image_4.jpg,The Role of Diet in Regulating Circadian Rhythms,https://store.medicalfoods.com/
image_4.jpg,Natural Remedies for Common Sleep Disturbances,https://store.medicalfoods.com/
image_4.jpg,How Your Bedtime Snack Affects Your Sleep Quality,https://store.medicalfoods.com/
image_4.jpg,The Science of Sleep: Nutrients That Support Healthy Rest,https://store.medicalfoods.com/
image_4.jpg,Lifestyle Changes for Better Sleep: Beyond Counting Sheep,https://store.medicalfoods.com/
image_4.jpg,Maximizing Your Sleep Efficiency: Tips from Sleep Experts,https://store.medicalfoods.com/
image_4.jpg,"The Connection Between Stress, Nutrition, and Sleep",https://store.medicalfoods.com/
image_4.jpg,Sustainable Weight Management: Beyond Calorie Counting,https://store.medicalfoods.com/
image_4.jpg,The Role of Metabolism in Weight Control: What You Should Know,https://store.medicalfoods.com/
image_4.jpg,Navigating Weight Loss Without Caffeine: Effective Strategies,https://store.medicalfoods.com/
image_4.jpg,Understanding Satiety: How to Feel Fuller for Longer,https://store.medicalfoods.com/
image_4.jpg,Balancing Hormones for Healthy Weight Management,https://store.medicalfoods.com/
image_4.jpg,The Gut-Brain Axis: Its Impact on Weight and Appetite,https://store.medicalfoods.com/
image_4.jpg,Nutrition Strategies for Long-Term Weight Maintenance,https://store.medicalfoods.com/
image_4.jpg,Breaking the Yo-Yo Diet Cycle: Sustainable Approaches to Weight Loss,https://store.medicalfoods.com/
image_4.jpg,The Science of Fat Burning: Optimizing Your Body's Natural Processes,https://store.medicalfoods.com/
image_4.jpg,Mindful Eating: A Key to Successful Weight Management,https://store.medicalfoods.com/
image_4.jpg,The Anxiety-Sleep Connection: Breaking the Cycle,https://store.medicalfoods.com/
image_4.jpg,Natural Ways to Calm Your Mind for Better Sleep,https://store.medicalfoods.com/
image_4.jpg,Understanding GABA: The Brain's Natural Calming Agent,https://store.medicalfoods.com/
image_4.jpg,Nutritional Approaches to Managing Stress-Related Sleep Issues,https://store.medicalfoods.com/
image_4.jpg,The Science of Relaxation: Preparing Your Body for Rest,https://store.medicalfoods.com/
image_4.jpg,Balancing Neurotransmitters for Better Sleep and Mood,https://store.medicalfoods.com/
image_4.jpg,Holistic Strategies for Addressing Anxiety-Induced Insomnia,https://store.medicalfoods.com/
image_4.jpg,The Role of Diet in Managing Nighttime Anxiety,https://store.medicalfoods.com/
image_4.jpg,Mindfulness Techniques for Calming Pre-Sleep Anxiety,https://store.medicalfoods.com/
image_4.jpg,Understanding the Sleep-Stress Cycle: Breaking Free for Better Rest,https://store.medicalfoods.com/
image_4.jpg,Natural Anti-Inflammatory Approaches for Joint Health,https://store.medicalfoods.com/
image_4.jpg,Understanding the Root Causes of Joint Discomfort,https://store.medicalfoods.com/
image_4.jpg,Nutrition Strategies for Supporting Healthy Joints,https://store.medicalfoods.com/
image_4.jpg,The Role of Collagen in Joint Flexibility and Comfort,https://store.medicalfoods.com/
image_4.jpg,Balancing Inflammation: Key to Joint Health and Mobility,https://store.medicalfoods.com/
image_4.jpg,Exercise and Joint Health: Finding the Right Balance,https://store.medicalfoods.com/
image_4.jpg,The Gut-Joint Connection: How Diet Affects Joint Comfort,https://store.medicalfoods.com/
image_4.jpg,Holistic Approaches to Managing Joint Discomfort,https://store.medicalfoods.com/
image_4.jpg,Understanding Oxidative Stress and Its Impact on Joints,https://store.medicalfoods.com/
image_4.jpg,Micronutrients for Joint Health: Beyond Calcium and Vitamin D,https://store.medicalfoods.com/
image_4.jpg,The Science of Pain: Understanding Your Body's Alarm System,https://store.medicalfoods.com/
image_4.jpg,Nutritional Approaches to Managing Chronic Discomfort,https://store.medicalfoods.com/
image_4.jpg,Inflammation and Pain: Breaking the Cycle Naturally,https://store.medicalfoods.com/
image_4.jpg,The Role of Amino Acids in Pain Management,https://store.medicalfoods.com/
image_4.jpg,Dietary Strategies for Supporting Your Body's Natural Pain Relief,https://store.medicalfoods.com/
image_4.jpg,Understanding Central Sensitization in Chronic Pain,https://store.medicalfoods.com/
image_4.jpg,The Gut-Brain Axis: Its Role in Pain Perception,https://store.medicalfoods.com/
image_4.jpg,Balancing Neurotransmitters for Pain Management,https://store.medicalfoods.com/
image_4.jpg,Holistic Approaches to Reducing Inflammation in the Body,https://store.medicalfoods.com/
image_4.jpg,"The Connection Between Stress, Nutrition, and Pain Levels",https://store.medicalfoods.com/
image_4.jpg,Understanding Metabolic Health: Beyond the Scale,https://store.medicalfoods.com/
image_4.jpg,The Science of Appetite Control: Natural Approaches,https://store.medicalfoods.com/
image_4.jpg,Balancing Blood Sugar for Effective Weight Management,https://store.medicalfoods.com/
image_4.jpg,Stress and Weight Gain: Breaking the Cycle,https://store.medicalfoods.com/
image_4.jpg,The Role of Sleep in Successful Weight Management,https://store.medicalfoods.com/
image_4.jpg,Nutrition Strategies for Boosting Your Metabolism,https://store.medicalfoods.com/
image_4.jpg,Understanding Leptin Resistance and Its Impact on Weight,https://store.medicalfoods.com/
image_4.jpg,The Psychology of Eating: Mindful Approaches to Weight Loss,https://store.medicalfoods.com/
image_4.jpg,Inflammatory Foods and Their Impact on Weight Management,https://store.medicalfoods.com/
image_4.jpg,Optimizing Gut Health for Sustainable Weight Loss,https://store.medicalfoods.com/
image_4.jpg,Understanding Peripheral Neuropathy: Causes and Effects,https://store.medicalfoods.com/
image_4.jpg,Nutritional Strategies for Supporting Nerve Health,https://store.medicalfoods.com/
image_4.jpg,The Role of B Vitamins in Maintaining Healthy Nerves,https://store.medicalfoods.com/
image_4.jpg,Managing Neuropathic Discomfort: A Holistic Approach,https://store.medicalfoods.com/
image_4.jpg,Antioxidants and Nerve Health: What You Need to Know,https://store.medicalfoods.com/
image_4.jpg,The Connection Between Blood Sugar and Nerve Function,https://store.medicalfoods.com/
image_4.jpg,Exercise and Peripheral Neuropathy: Finding the Right Balance,https://store.medicalfoods.com/
image_4.jpg,Understanding Mitochondrial Health in Nerve Function,https://store.medicalfoods.com/
image_4.jpg,The Impact of Inflammation on Peripheral Nerves,https://store.medicalfoods.com/
image_4.jpg,Dietary Approaches to Supporting Healthy Nerve Conduction,https://store.medicalfoods.com/
image_4.jpg,Breathing Easy: Natural Approaches to Sinus Health,https://store.medicalfoods.com/
image_4.jpg,Understanding the Microbiome of Your Respiratory System,https://store.medicalfoods.com/
image_4.jpg,The Role of Diet in Supporting Healthy Sinuses,https://store.medicalfoods.com/
image_4.jpg,Navigating Seasonal Challenges: Tips for Respiratory Wellness,https://store.medicalfoods.com/
image_4.jpg,The Connection Between Gut Health and Respiratory Function,https://store.medicalfoods.com/
image_4.jpg,Natural Ways to Support Mucus Membrane Health,https://store.medicalfoods.com/
image_4.jpg,Understanding Histamines and Their Impact on Sinus Comfort,https://store.medicalfoods.com/
image_4.jpg,The Importance of Hydration for Respiratory Health,https://store.medicalfoods.com/
image_4.jpg,Herbs and Spices That Support Clear Breathing,https://store.medicalfoods.com/
image_4.jpg,Air Quality and Respiratory Health: What You Need to Know,https://store.medicalfoods.com/
image_4.jpg,Understanding Blood Pressure: Beyond the Numbers,https://store.medicalfoods.com/
image_4.jpg,The DASH Diet: A Nutritional Approach to Heart Health,https://store.medicalfoods.com/
image_4.jpg,Stress Management Techniques for Cardiovascular Wellness,https://store.medicalfoods.com/
image_4.jpg,The Role of Potassium in Maintaining Healthy Blood Pressure,https://store.medicalfoods.com/
image_4.jpg,Exercise and Blood Pressure: Finding the Right Balance,https://store.medicalfoods.com/
image_4.jpg,Understanding Nitric Oxide and Its Impact on Vascular Health,https://store.medicalfoods.com/
image_4.jpg,The Gut-Heart Connection: How Diet Affects Blood Pressure,https://store.medicalfoods.com/
image_4.jpg,Natural Approaches to Supporting Healthy Arterial Function,https://store.medicalfoods.com/
image_4.jpg,The Impact of Sleep on Cardiovascular Health,https://store.medicalfoods.com/
image_4.jpg,Mindfulness and Meditation: Tools for Heart Health,https://store.medicalfoods.com/
image_5.jpg,5 Natural Ways to Boost Your Mental Energy,https://store.medicalfoods.com/
image_5.jpg,Understanding the Link Between Diet and Cognitive Function,https://store.medicalfoods.com/
image_5.jpg,The Science Behind Mental Fatigue: What You Need to Know,https://store.medicalfoods.com/
image_5.jpg,Nutrition Strategies for Enhancing Brain Performance,https://store.medicalfoods.com/
image_5.jpg,Combating Brain Fog: Tips from Neuroscience Experts,https://store.medicalfoods.com/
image_5.jpg,How Your Gut Health Affects Your Cognitive Abilities,https://store.medicalfoods.com/
image_5.jpg,The Role of Micronutrients in Mental Clarity and Focus,https://store.medicalfoods.com/
image_5.jpg,Unlocking Your Brain's Potential: Dietary Approaches to Cognitive Enhancement,https://store.medicalfoods.com/
image_5.jpg,Fatigue-Fighting Foods: Eat Your Way to Better Mental Energy,https://store.medicalfoods.com/
image_5.jpg,The Mind-Body Connection: How Physical Health Impacts Cognitive Function,https://store.medicalfoods.com/
image_5.jpg,The Secrets of Restorative Sleep: A Comprehensive Guide,https://store.medicalfoods.com/
image_5.jpg,Nutritional Approaches to Improving Sleep Quality,https://store.medicalfoods.com/
image_5.jpg,Understanding Sleep Cycles: How to Optimize Your Rest,https://store.medicalfoods.com/
image_5.jpg,The Role of Diet in Regulating Circadian Rhythms,https://store.medicalfoods.com/
image_5.jpg,Natural Remedies for Common Sleep Disturbances,https://store.medicalfoods.com/
image_5.jpg,How Your Bedtime Snack Affects Your Sleep Quality,https://store.medicalfoods.com/
image_5.jpg,The Science of Sleep: Nutrients That Support Healthy Rest,https://store.medicalfoods.com/
image_5.jpg,Lifestyle Changes for Better Sleep: Beyond Counting Sheep,https://store.medicalfoods.com/
image_5.jpg,Maximizing Your Sleep Efficiency: Tips from Sleep Experts,https://store.medicalfoods.com/
image_5.jpg,"The Connection Between Stress, Nutrition, and Sleep",https://store.medicalfoods.com/
image_5.jpg,Sustainable Weight Management: Beyond Calorie Counting,https://store.medicalfoods.com/
image_5.jpg,The Role of Metabolism in Weight Control: What You Should Know,https://store.medicalfoods.com/
image_5.jpg,Navigating Weight Loss Without Caffeine: Effective Strategies,https://store.medicalfoods.com/
image_5.jpg,Understanding Satiety: How to Feel Fuller for Longer,https://store.medicalfoods.com/
image_5.jpg,Balancing Hormones for Healthy Weight Management,https://store.medicalfoods.com/
image_5.jpg,The Gut-Brain Axis: Its Impact on Weight and Appetite,https://store.medicalfoods.com/
image_5.jpg,Nutrition Strategies for Long-Term Weight Maintenance,https://store.medicalfoods.com/
image_5.jpg,Breaking the Yo-Yo Diet Cycle: Sustainable Approaches to Weight Loss,https://store.medicalfoods.com/
image_5.jpg,The Science of Fat Burning: Optimizing Your Body's Natural Processes,https://store.medicalfoods.com/
image_5.jpg,Mindful Eating: A Key to Successful Weight Management,https://store.medicalfoods.com/
image_5.jpg,The Anxiety-Sleep Connection: Breaking the Cycle,https://store.medicalfoods.com/
image_5.jpg,Natural Ways to Calm Your Mind for Better Sleep,https://store.medicalfoods.com/
image_5.jpg,Understanding GABA: The Brain's Natural Calming Agent,https://store.medicalfoods.com/
image_5.jpg,Nutritional Approaches to Managing Stress-Related Sleep Issues,https://store.medicalfoods.com/
image_5.jpg,The Science of Relaxation: Preparing Your Body for Rest,https://store.medicalfoods.com/
image_5.jpg,Balancing Neurotransmitters for Better Sleep and Mood,https://store.medicalfoods.com/
image_5.jpg,Holistic Strategies for Addressing Anxiety-Induced Insomnia,https://store.medicalfoods.com/
image_5.jpg,The Role of Diet in Managing Nighttime Anxiety,https://store.medicalfoods.com/
image_5.jpg,Mindfulness Techniques for Calming Pre-Sleep Anxiety,https://store.medicalfoods.com/
image_5.jpg,Understanding the Sleep-Stress Cycle: Breaking Free for Better Rest,https://store.medicalfoods.com/
image_5.jpg,Natural Anti-Inflammatory Approaches for Joint Health,https://store.medicalfoods.com/
image_5.jpg,Understanding the Root Causes of Joint Discomfort,https://store.medicalfoods.com/
image_5.jpg,Nutrition Strategies for Supporting Healthy Joints,https://store.medicalfoods.com/
image_5.jpg,The Role of Collagen in Joint Flexibility and Comfort,https://store.medicalfoods.com/
image_5.jpg,Balancing Inflammation: Key to Joint Health and Mobility,https://store.medicalfoods.com/
image_5.jpg,Exercise and Joint Health: Finding the Right Balance,https://store.medicalfoods.com/
image_5.jpg,The Gut-Joint Connection: How Diet Affects Joint Comfort,https://store.medicalfoods.com/
image_5.jpg,Holistic Approaches to Managing Joint Discomfort,https://store.medicalfoods.com/
image_5.jpg,Understanding Oxidative Stress and Its Impact on Joints,https://store.medicalfoods.com/
image_5.jpg,Micronutrients for Joint Health: Beyond Calcium and Vitamin D,https://store.medicalfoods.com/
image_5.jpg,The Science of Pain: Understanding Your Body's Alarm System,https://store.medicalfoods.com/
image_5.jpg,Nutritional Approaches to Managing Chronic Discomfort,https://store.medicalfoods.com/
image_5.jpg,Inflammation and Pain: Breaking the Cycle Naturally,https://store.medicalfoods.com/
image_5.jpg,The Role of Amino Acids in Pain Management,https://store.medicalfoods.com/
image_5.jpg,Dietary Strategies for Supporting Your Body's Natural Pain Relief,https://store.medicalfoods.com/
image_5.jpg,Understanding Central Sensitization in Chronic Pain,https://store.medicalfoods.com/
image_5.jpg,The Gut-Brain Axis: Its Role in Pain Perception,https://store.medicalfoods.com/
image_5.jpg,Balancing Neurotransmitters for Pain Management,https://store.medicalfoods.com/
image_5.jpg,Holistic Approaches to Reducing Inflammation in the Body,https://store.medicalfoods.com/
image_5.jpg,"The Connection Between Stress, Nutrition, and Pain Levels",https://store.medicalfoods.com/
image_5.jpg,Understanding Metabolic Health: Beyond the Scale,https://store.medicalfoods.com/
image_5.jpg,The Science of Appetite Control: Natural Approaches,https://store.medicalfoods.com/
image_5.jpg,Balancing Blood Sugar for Effective Weight Management,https://store.medicalfoods.com/
image_5.jpg,Stress and Weight Gain: Breaking the Cycle,https://store.medicalfoods.com/
image_5.jpg,The Role of Sleep in Successful Weight Management,https://store.medicalfoods.com/
image_5.jpg,Nutrition Strategies for Boosting Your Metabolism,https://store.medicalfoods.com/
image_5.jpg,Understanding Leptin Resistance and Its Impact on Weight,https://store.medicalfoods.com/
image_5.jpg,The Psychology of Eating: Mindful Approaches to Weight Loss,https://store.medicalfoods.com/
image_5.jpg,Inflammatory Foods and Their Impact on Weight Management,https://store.medicalfoods.com/
image_5.jpg,Optimizing Gut Health for Sustainable Weight Loss,https://store.medicalfoods.com/
image_5.jpg,Understanding Peripheral Neuropathy: Causes and Effects,https://store.medicalfoods.com/
image_5.jpg,Nutritional Strategies for Supporting Nerve Health,https://store.medicalfoods.com/
image_5.jpg,The Role of B Vitamins in Maintaining Healthy Nerves,https://store.medicalfoods.com/
image_5.jpg,Managing Neuropathic Discomfort: A Holistic Approach,https://store.medicalfoods.com/
image_5.jpg,Antioxidants and Nerve Health: What You Need to Know,https://store.medicalfoods.com/
image_5.jpg,The Connection Between Blood Sugar and Nerve Function,https://store.medicalfoods.com/
image_5.jpg,Exercise and Peripheral Neuropathy: Finding the Right Balance,https://store.medicalfoods.com/
image_5.jpg,Understanding Mitochondrial Health in Nerve Function,https://store.medicalfoods.com/
image_5.jpg,The Impact of Inflammation on Peripheral Nerves,https://store.medicalfoods.com/
image_5.jpg,Dietary Approaches to Supporting Healthy Nerve Conduction,https://store.medicalfoods.com/
image_5.jpg,Breathing Easy: Natural Approaches to Sinus Health,https://store.medicalfoods.com/
image_5.jpg,Understanding the Microbiome of Your Respiratory System,https://store.medicalfoods.com/
image_5.jpg,The Role of Diet in Supporting Healthy Sinuses,https://store.medicalfoods.com/
image_5.jpg,Navigating Seasonal Challenges: Tips for Respiratory Wellness,https://store.medicalfoods.com/
image_5.jpg,The Connection Between Gut Health and Respiratory Function,https://store.medicalfoods.com/
image_5.jpg,Natural Ways to Support Mucus Membrane Health,https://store.medicalfoods.com/
image_5.jpg,Understanding Histamines and Their Impact on Sinus Comfort,https://store.medicalfoods.com/
image_5.jpg,The Importance of Hydration for Respiratory Health,https://store.medicalfoods.com/
image_5.jpg,Herbs and Spices That Support Clear Breathing,https://store.medicalfoods.com/
image_5.jpg,Air Quality and Respiratory Health: What You Need to Know,https://store.medicalfoods.com/
image_5.jpg,Understanding Blood Pressure: Beyond the Numbers,https://store.medicalfoods.com/
image_5.jpg,The DASH Diet: A Nutritional Approach to Heart Health,https://store.medicalfoods.com/
image_5.jpg,Stress Management Techniques for Cardiovascular Wellness,https://store.medicalfoods.com/
image_5.jpg,The Role of Potassium in Maintaining Healthy Blood Pressure,https://store.medicalfoods.com/
image_5.jpg,Exercise and Blood Pressure: Finding the Right Balance,https://store.medicalfoods.com/
image_5.jpg,Understanding Nitric Oxide and Its Impact on Vascular Health,https://store.medicalfoods.com/
image_5.jpg,The Gut-Heart Connection: How Diet Affects Blood Pressure,https://store.medicalfoods.com/
image_5.jpg,Natural Approaches to Supporting Healthy Arterial Function,https://store.medicalfoods.com/
image_5.jpg,The Impact of Sleep on Cardiovascular Health,https://store.medicalfoods.com/
image_5.jpg,Mindfulness and Meditation: Tools for Heart Health,https://store.medicalfoods.com/